gene,HR,HR.95L,HR.95H,pvalue
GNAI1,1.823,1.005,3.307,0.0481810153927
age,1.035,1.019,1.051,1.66026372e-05
gender,1.039,0.669,1.614,0.8644430995931
risk_category,0.583,0.417,0.817,0.0017091050364
